seed,epoch,loss
1555582972,0,6.696632353088866
1555582972,5,4.064920242453039
1555582972,10,0.931630750986339
1555582972,15,0.7953128993315028
1555582972,20,0.7830422633397893
1555582972,25,0.7691358722096262
1555582972,30,0.7900600517009088
1555582972,35,0.7649968223671999
1555582972,40,0.780245332048593
1555582972,45,0.7395453152265032
1555582972,50,0.7572627679032431
1555582972,55,0.7378647418217316
1555582972,60,0.7505387053699072
1555582972,65,0.7990482993785474
1555582972,70,0.8106584341957648
1555582972,75,0.813679718990673
1555582972,80,0.812691109751926
1555582972,85,0.7851103995427825
1555582972,90,0.7742232464025597
1555582972,95,0.7805781591007778
1555582972,100,0.7531116363057306
1555582972,105,0.793603267398552
1555582972,110,0.7781569510083037
1555582972,115,0.7406433237333431
1555582972,120,0.7997757747704545
1555582972,125,0.7693657898887472
1555582972,130,0.8106270562770609
1555582972,135,0.7731079304907009
1555582972,140,0.7719439461581279
1555582972,145,0.7850964967881837
1555582972,150,0.7840706387996107
1555582972,155,0.770222600213684
1555582972,160,0.7805505864308372
1555582972,165,0.7987083028079272
1555582972,170,0.8101147277158016
1555582972,175,0.7944550951904732
1555582972,180,0.7614228252493599
1555582972,185,0.7961017216416525
1555582972,190,0.7894440663161041
1555582972,195,0.7842826538134173
1555582972,200,0.783014945542237
1555582972,205,0.7523315600354726
1555582972,210,0.7991230302942829
1555582972,215,0.7866679895283466
1555582972,220,0.7800854045367169
1555582972,225,0.8032336078735886
1555582972,230,0.7774020449506788
1555582972,235,0.7520394610097989
1555582972,240,0.7753106147233745
1555582972,245,0.7839133672230832
1555582972,249,0.7742091545590747
1555583004,0,6.8625789913409525
1555583004,5,4.202858841988237
1555583004,10,0.95928180275039
1555583004,15,0.8075338933413868
1555583004,20,0.8167780830973913
1555583004,25,0.8414369242822802
1555583004,30,0.7505197512221538
1555583004,35,0.800207388341919
1555583004,40,0.820968129777705
1555583004,45,0.8243957588593775
1555583004,50,0.8113937105923581
1555583004,55,0.834691399389385
1555583004,60,0.8057458947748117
1555583004,65,0.8070323814834683
1555583004,70,0.8175905997364542
1555583004,75,0.8843818769872783
1555583004,80,0.868610943613042
1555583004,85,0.8375255853625952
1555583004,90,0.8524185975309257
1555583004,95,0.7733450811894155
1555583004,100,0.8398013200317835
1555583004,105,0.7935685612470909
1555583004,110,0.830455622385361
1555583004,115,0.8510156269517654
1555583004,120,0.8493175721654879
1555583004,125,0.7889208320246671
1555583004,130,0.8196817364758505
1555583004,135,0.8630748893385751
1555583004,140,0.8078074448339411
1555583004,145,0.8495609225784191
1555583004,150,0.772404999441719
1555583004,155,0.8556283572567412
1555583004,160,0.8678510721746742
1555583004,165,0.8650971527014316
1555583004,170,0.8376625776250546
1555583004,175,0.7787739872593079
1555583004,180,0.8569327243028887
1555583004,185,0.7846751755749618
1555583004,190,0.8318888881239596
1555583004,195,0.8752354407310382
1555583004,200,0.8108323203583989
1555583004,205,0.7198293949752399
1555583004,210,0.8303007238775962
1555583004,215,0.7903497129965523
1555583004,220,0.8235013681262182
1555583004,225,0.8120934435132059
1555583004,230,0.7973471719921432
1555583004,235,0.8083320230951866
1555583004,240,0.8071958956772258
1555583004,245,0.7802472291188499
1555583004,249,0.8099907127483728
1555583034,0,6.8585943358559
1555583034,5,4.156682692259544
1555583034,10,0.8167560138451797
1555583034,15,0.7101220425185673
1555583034,20,0.7202492881340173
1555583034,25,0.7036263797554696
1555583034,30,0.7027135316147745
1555583034,35,0.7039723623871745
1555583034,40,0.6788792938804172
1555583034,45,0.6978647950572083
1555583034,50,0.7067791715976705
1555583034,55,0.7225977693556568
1555583034,60,0.7258726044022944
1555583034,65,0.7230832496587478
1555583034,70,0.7437866116442912
1555583034,75,0.6834149044960572
1555583034,80,0.7372197959146177
1555583034,85,0.6938032493546192
1555583034,90,0.7413250580236876
1555583034,95,0.6595226798923765
1555583034,100,0.7129683082094872
1555583034,105,0.7111387003035251
1555583034,110,0.7070773620742972
1555583034,115,0.7149114107723649
1555583034,120,0.7264714850568152
1555583034,125,0.7000572994315891
1555583034,130,0.6801649404493881
1555583034,135,0.6670452001904078
1555583034,140,0.7020575862959229
1555583034,145,0.6849712335156992
1555583034,150,0.7240941665797702
1555583034,155,0.6800548503471091
1555583034,160,0.7253031190163911
1555583034,165,0.7171964718237404
1555583034,170,0.6915052310762292
1555583034,175,0.6923743401256989
1555583034,180,0.7266394085667647
1555583034,185,0.6935907721006169
1555583034,190,0.6886126697094429
1555583034,195,0.6940561008745209
1555583034,200,0.6937569136747612
1555583034,205,0.6709461482082477
1555583034,210,0.6958583161062736
1555583034,215,0.6644025193905971
1555583034,220,0.7545296688909837
1555583034,225,0.7324633506051731
1555583034,230,0.6793647233547809
1555583034,235,0.7035340743934976
1555583034,240,0.6875440482276022
1555583034,245,0.7161590101012406
1555583034,249,0.6578944243568381
1555583087,0,6.717470268975903
1555583087,5,4.097959649630334
1555583087,10,0.9722465561288917
1555583087,15,0.7743249034507571
1555583087,20,0.8485520313066073
1555583087,25,0.8766085819409674
1555583087,30,0.8812838685401582
1555583087,35,0.8630324072667022
1555583087,40,0.8713329995900658
1555583087,45,0.8695978455062948
1555583087,50,0.8456822481581306
1555583087,55,0.8496625306320116
1555583087,60,0.7577682659177797
1555583087,65,0.9076715643382057
1555583087,70,0.8499599011396755
1555583087,75,0.7593576435831882
1555583087,80,0.8634075745550985
1555583087,85,0.8744120950217312
1555583087,90,0.813629078086744
1555583087,95,0.8399568111995591
1555583087,100,0.8513251157491968
1555583087,105,0.8281031701671537
1555583087,110,0.8969352602236608
1555583087,115,0.8203716559500086
1555583087,120,0.8489641187427811
1555583087,125,0.814010579167368
1555583087,130,0.869238164336228
1555583087,135,0.8754467873669717
1555583087,140,0.8272348694303858
1555583087,145,0.7777180114179332
1555583087,150,0.8452511784563083
1555583087,155,0.8626883759470543
1555583087,160,0.8817038650153104
1555583087,165,0.798065381015259
1555583087,170,0.8344558913539184
1555583087,175,0.8790209660016948
1555583087,180,0.7975854978651269
1555583087,185,0.83126138163067
1555583087,190,0.8139992843752878
1555583087,195,0.8924560908639015
1555583087,200,0.8158553149071072
1555583087,205,0.8643016624461766
1555583087,210,0.8215055872001037
1555583087,215,0.8768251321415471
1555583087,220,0.8843335829428421
1555583087,225,0.8701625516734877
1555583087,230,0.8472308572518462
1555583087,235,0.882141924802535
1555583087,240,0.8490835996469458
1555583087,245,0.8767037550408097
1555583087,249,0.8728402196841829
1555583121,0,6.859045578353522
1555583121,5,4.173614177536997
1555583121,10,0.9572900227618016
1555583121,15,0.7771174486425495
1555583121,20,0.7481449418157471
1555583121,25,0.7450759662976758
1555583121,30,0.8054536702729835
1555583121,35,0.7897087415699737
1555583121,40,0.8304296968212665
1555583121,45,0.8273879856174643
1555583121,50,0.8102795140792673
1555583121,55,0.8187793816203648
1555583121,60,0.8675022928553905
1555583121,65,0.8069727154775038
1555583121,70,0.864811170194647
1555583121,75,0.8113600363261741
1555583121,80,0.8180033592959198
1555583121,85,0.8208489979703162
1555583121,90,0.8109410319560709
1555583121,95,0.8041857417385782
1555583121,100,0.7909413714937723
1555583121,105,0.7628296079778715
1555583121,110,0.7595686146357589
1555583121,115,0.8486442316396898
1555583121,120,0.8036393929052645
1555583121,125,0.8114413492647734
1555583121,130,0.8001537655786413
1555583121,135,0.8239034739741213
1555583121,140,0.8036950172772662
1555583121,145,0.806514893370437
1555583121,150,0.7863795965245611
1555583121,155,0.7758631575602353
1555583121,160,0.8024356344937051
1555583121,165,0.7333630969408685
1555583121,170,0.7850613766060294
1555583121,175,0.8040069368736912
1555583121,180,0.818686420699634
1555583121,185,0.7526075677673857
1555583121,190,0.8058586301814015
1555583121,195,0.8066501632261969
1555583121,200,0.7662254787844388
1555583121,205,0.7331195238293167
1555583121,210,0.7825943982473351
1555583121,215,0.7608946132128072
1555583121,220,0.7641842384321815
1555583121,225,0.7694076496915813
1555583121,230,0.7420449170130976
1555583121,235,0.7724477491125035
1555583121,240,0.8015754854812391
1555583121,245,0.770432349676876
1555583121,249,0.7262061862182423
1555583151,0,6.666938426518692
1555583151,5,4.004916051047501
1555583151,10,0.909325106935496
1555583151,15,0.7457763103090008
1555583151,20,0.7924659180808632
1555583151,25,0.7022772906425803
1555583151,30,0.6903837297495334
1555583151,35,0.7368419449822919
1555583151,40,0.6939629305302952
1555583151,45,0.679332315150391
1555583151,50,0.7139951710361827
1555583151,55,0.7347702085712678
1555583151,60,0.7256918924358787
1555583151,65,0.76283356687092
1555583151,70,0.7262058408118304
1555583151,75,0.6613414027771393
1555583151,80,0.7410881986255298
1555583151,85,0.7311926737754815
1555583151,90,0.7428188148618483
1555583151,95,0.7174728421533283
1555583151,100,0.7167046753559168
1555583151,105,0.7219576508957715
1555583151,110,0.7514468119215452
1555583151,115,0.7548572754745415
1555583151,120,0.7631724448924251
1555583151,125,0.6984479943211722
1555583151,130,0.7496590534742814
1555583151,135,0.69773073471601
1555583151,140,0.7413993699800027
1555583151,145,0.7225187703546608
1555583151,150,0.7325697177446445
1555583151,155,0.7292650099693785
1555583151,160,0.7252404343176821
1555583151,165,0.6955108199018393
1555583151,170,0.6359284026161468
1555583151,175,0.7147432440749458
1555583151,180,0.7228109400378199
1555583151,185,0.7024123748475148
1555583151,190,0.7136029312303809
1555583151,195,0.7118569496384923
1555583151,200,0.6743673442998797
1555583151,205,0.7403339329101227
1555583151,210,0.7654321161575379
1555583151,215,0.7194406604933269
1555583151,220,0.7497963628880651
1555583151,225,0.744996697319314
1555583151,230,0.7409516435107478
1555583151,235,0.7230244909744579
1555583151,240,0.6948596108046539
1555583151,245,0.7394737455727557
1555583151,249,0.7270560861107485
1555583224,0,6.837248153744113
1555583224,5,4.168053408963314
1555583224,10,1.0382052114106286
1555583224,15,0.7846849681418918
1555583224,20,0.7686752780534365
1555583224,25,0.7888159130534307
1555583224,30,0.7657079262490979
1555583224,35,0.7693901933202322
1555583224,40,0.7703401570903757
1555583224,45,0.7377169704784492
1555583224,50,0.7441546120918545
1555583224,55,0.774452814621422
1555583224,60,0.8013367594663806
1555583224,65,0.7554247425494206
1555583224,70,0.7654446337513262
1555583224,75,0.8210935900561283
1555583224,80,0.7735826632232322
1555583224,85,0.8385324783690564
1555583224,90,0.7862796180394528
1555583224,95,0.7895467172619138
1555583224,100,0.768908947766331
1555583224,105,0.8165703810807752
1555583224,110,0.7908519842479595
1555583224,115,0.7472611160793692
1555583224,120,0.7752774762186032
1555583224,125,0.794138992290379
1555583224,130,0.7314248279509398
1555583224,135,0.7930328894421587
1555583224,140,0.7576522493850107
1555583224,145,0.8063901831126328
1555583224,150,0.7695618153809682
1555583224,155,0.7899360982586325
1555583224,160,0.7677091934728958
1555583224,165,0.79127242076138
1555583224,170,0.7975443167117211
1555583224,175,0.7430342612280327
1555583224,180,0.7658462853386298
1555583224,185,0.7561530791984449
1555583224,190,0.7819482766314058
1555583224,195,0.77573771679536
1555583224,200,0.774423689780378
1555583224,205,0.7865122919750969
1555583224,210,0.7829071842984324
1555583224,215,0.7681337081740436
1555583224,220,0.7363745036473455
1555583224,225,0.7418624132508562
1555583224,230,0.7645457114717771
1555583224,235,0.7792829896332002
1555583224,240,0.7496210836503608
1555583224,245,0.8073316666732624
1555583224,249,0.7472196043353525
1555583246,0,6.9565688616255414
1555583246,5,4.260239887378439
1555583246,10,0.987293398044536
1555583246,15,0.6420681677811082
1555583246,20,0.672157283744033
1555583246,25,0.6719866999843175
1555583246,30,0.715247056099661
1555583246,35,0.7018306120743723
1555583246,40,0.7302788183220303
1555583246,45,0.7145929296051222
1555583246,50,0.7460115330851175
1555583246,55,0.7274685989837029
1555583246,60,0.7253033450084533
1555583246,65,0.7518510162912708
1555583246,70,0.7542012844693763
1555583246,75,0.7805393960906463
1555583246,80,0.7287811003543448
1555583246,85,0.7542613614593978
1555583246,90,0.7726928581408502
1555583246,95,0.7339960771013215
1555583246,100,0.7491397626421469
1555583246,105,0.7108774404343563
1555583246,110,0.7235938716815014
1555583246,115,0.7373256318273316
1555583246,120,0.7817207062822774
1555583246,125,0.7466822362149985
1555583246,130,0.7455894503468471
1555583246,135,0.7524935279136971
1555583246,140,0.7250243418542435
1555583246,145,0.7186306114831443
1555583246,150,0.7258246103288872
1555583246,155,0.7179939260070909
1555583246,160,0.7440835625504348
1555583246,165,0.703965835787204
1555583246,170,0.7532979490946337
1555583246,175,0.7122857406044645
1555583246,180,0.7089440725762239
1555583246,185,0.7103654705032465
1555583246,190,0.7159314383743167
1555583246,195,0.7443939705531143
1555583246,200,0.7038956410253859
1555583246,205,0.7155392950840539
1555583246,210,0.7366131535266968
1555583246,215,0.752029471216635
1555583246,220,0.6690974375811274
1555583246,225,0.7510712542814507
1555583246,230,0.7359661457131826
1555583246,235,0.7211422052218228
1555583246,240,0.7539731985880513
1555583246,245,0.7328290663624523
1555583246,249,0.7080248600453017
1555583268,0,6.807740628401053
1555583268,5,4.092223001534635
1555583268,10,0.9086171618151652
1555583268,15,0.7886577959521781
1555583268,20,0.7747761640273942
1555583268,25,0.7422238391211722
1555583268,30,0.8027805677057103
1555583268,35,0.8008360557099697
1555583268,40,0.7991661438544124
1555583268,45,0.7717741216925103
1555583268,50,0.7379583463326539
1555583268,55,0.7493639407854412
1555583268,60,0.7575834983553036
1555583268,65,0.8009336280059394
1555583268,70,0.7731801160267017
1555583268,75,0.8252990416691289
1555583268,80,0.7950958355284283
1555583268,85,0.7929250144485662
1555583268,90,0.8018892237045229
1555583268,95,0.7488169677730996
1555583268,100,0.7428486405716158
1555583268,105,0.8108628235564233
1555583268,110,0.8064065120888526
1555583268,115,0.7676921044803501
1555583268,120,0.7965487641379521
1555583268,125,0.7517628350523281
1555583268,130,0.7906821627301182
1555583268,135,0.771641392563415
1555583268,140,0.7590970789274539
1555583268,145,0.8004088458520281
1555583268,150,0.8019427830716298
1555583268,155,0.7863571257659165
1555583268,160,0.813135448802106
1555583268,165,0.806667573738836
1555583268,170,0.773548603105528
1555583268,175,0.8263528383674622
1555583268,180,0.7611533454812142
1555583268,185,0.8171880346409524
1555583268,190,0.8277690350325438
1555583268,195,0.8185568990687382
1555583268,200,0.786619865594904
1555583268,205,0.7846451419531896
1555583268,210,0.7499974303731344
1555583268,215,0.7883969638205054
1555583268,220,0.7626191482579963
1555583268,225,0.7554231053278025
1555583268,230,0.7887672904447454
1555583268,235,0.7680247934769568
1555583268,240,0.7792900996602824
1555583268,245,0.7576124871175276
1555583268,249,0.782507380490338
1555583290,0,6.805748490001322
1555583290,5,4.1496825376367426
1555583290,10,0.9880203787333894
1555583290,15,0.8414415758817152
1555583290,20,0.7315163741248848
1555583290,25,0.7404510664010597
1555583290,30,0.801342626287154
1555583290,35,0.7629707708415984
1555583290,40,0.7553236160859738
1555583290,45,0.7511190701692507
1555583290,50,0.8115829984533858
1555583290,55,0.7444515863464662
1555583290,60,0.7509703518098495
1555583290,65,0.7272309267338939
1555583290,70,0.7891063394737575
1555583290,75,0.7455896768519312
1555583290,80,0.7855630013991892
1555583290,85,0.7948325198328605
1555583290,90,0.8099321692473547
1555583290,95,0.7558244472059812
1555583290,100,0.7951040192046733
1555583290,105,0.8038143401994308
1555583290,110,0.7776277013914804
1555583290,115,0.7953767716794063
1555583290,120,0.7857167029240405
1555583290,125,0.7515789901235559
1555583290,130,0.8045114367809929
1555583290,135,0.7828118765264428
1555583290,140,0.7677010784729427
1555583290,145,0.7693227785703607
1555583290,150,0.7893125056166778
1555583290,155,0.7579729395393924
1555583290,160,0.7908622278995288
1555583290,165,0.8350046990361355
1555583290,170,0.8010047197605688
1555583290,175,0.8057173709379938
1555583290,180,0.8199925419324833
1555583290,185,0.7905492655852433
1555583290,190,0.7713821987301867
1555583290,195,0.8317009056633257
1555583290,200,0.8025425746008741
1555583290,205,0.7773404177238058
1555583290,210,0.7622960600909241
1555583290,215,0.7685191603919196
1555583290,220,0.8169340772798585
1555583290,225,0.7657304937643246
1555583290,230,0.7688067070274712
1555583290,235,0.7813751470148346
1555583290,240,0.7842066036939882
1555583290,245,0.7942580435718497
1555583290,249,0.7787732442169808
1555583312,0,7.065226025953513
1555583312,5,4.331978378225502
1555583312,10,1.0096646522196684
1555583312,15,0.6534183582583538
1555583312,20,0.6124438807508088
1555583312,25,0.6604993143222493
1555583312,30,0.6642948006113746
1555583312,35,0.6398508950262648
1555583312,40,0.6529416601156159
1555583312,45,0.6648158344365567
1555583312,50,0.68443023002994
1555583312,55,0.6640835179013403
1555583312,60,0.6480256998267454
1555583312,65,0.6905271757184364
1555583312,70,0.6645409674180268
1555583312,75,0.7119121438110897
1555583312,80,0.7286471025802613
1555583312,85,0.6830135171775834
1555583312,90,0.6807195056170379
1555583312,95,0.7040587671036748
1555583312,100,0.6651074807949039
1555583312,105,0.7003876135173278
1555583312,110,0.6793542022820492
1555583312,115,0.734138494649986
1555583312,120,0.7210893741749048
1555583312,125,0.726870314363491
1555583312,130,0.7020960378393516
1555583312,135,0.6643080388318121
1555583312,140,0.7124949153919494
1555583312,145,0.6889557778140247
1555583312,150,0.6586581693784427
1555583312,155,0.7072295337647244
1555583312,160,0.7060051034881593
1555583312,165,0.7031399054183641
1555583312,170,0.6750913600847838
1555583312,175,0.719283873163386
1555583312,180,0.7210996996082041
1555583312,185,0.6782468109919456
1555583312,190,0.6689606082401979
1555583312,195,0.7081925951228717
1555583312,200,0.6512910911876079
1555583312,205,0.6754052396847425
1555583312,210,0.7047483812635852
1555583312,215,0.7059549073854752
1555583312,220,0.6701020498038234
1555583312,225,0.6865100994957825
1555583312,230,0.6740892558505159
1555583312,235,0.6929678944521859
1555583312,240,0.7083813122787325
1555583312,245,0.7159401176223845
1555583312,249,0.6538537911748322
1555583333,0,6.847660149563921
1555583333,5,4.1280209239668455
1555583333,10,0.9414058753892672
1555583333,15,0.7525404580858499
1555583333,20,0.6939953461824462
1555583333,25,0.7276738086832099
1555583333,30,0.730127292186446
1555583333,35,0.7513226793310062
1555583333,40,0.7493447381814109
1555583333,45,0.7333307146076204
1555583333,50,0.7362755487696024
1555583333,55,0.76887144083208
1555583333,60,0.8064368377730525
1555583333,65,0.7279763394694531
1555583333,70,0.8193280504200958
1555583333,75,0.8055357243208836
1555583333,80,0.756909343482115
1555583333,85,0.7768194932358122
1555583333,90,0.7606672414116634
1555583333,95,0.771425729446016
1555583333,100,0.73262917869746
1555583333,105,0.7790292807865846
1555583333,110,0.7975387613748371
1555583333,115,0.788527020595969
1555583333,120,0.7220278679903963
1555583333,125,0.7322965591035709
1555583333,130,0.7559158770646424
1555583333,135,0.7606646000770387
1555583333,140,0.8007699019705722
1555583333,145,0.8090191365645968
1555583333,150,0.8040615721369941
1555583333,155,0.7507430673893767
1555583333,160,0.7724410680248167
1555583333,165,0.8076769473419579
1555583333,170,0.7938149889926059
1555583333,175,0.7249500505461797
1555583333,180,0.7585225138297563
1555583333,185,0.7424057923918345
1555583333,190,0.743692959273078
1555583333,195,0.7885179686586299
1555583333,200,0.7460168029890908
1555583333,205,0.7818090218999729
1555583333,210,0.7547488305475661
1555583333,215,0.752036478946593
1555583333,220,0.7611271019508397
1555583333,225,0.7997161108207972
1555583333,230,0.79160606420018
1555583333,235,0.7375933993460094
1555583333,240,0.7597119296858846
1555583333,245,0.7171268898777947
1555583333,249,0.7545726611086407
1555583355,0,6.936979532049678
1555583355,5,4.269105155323476
1555583355,10,1.002037550434843
1555583355,15,0.7319788393944846
1555583355,20,0.6901201042398242
1555583355,25,0.725251572153802
1555583355,30,0.7016521268459072
1555583355,35,0.7019322592652559
1555583355,40,0.7008673095877643
1555583355,45,0.7402024744519323
1555583355,50,0.7329050733579366
1555583355,55,0.7081204169165187
1555583355,60,0.7016432584684765
1555583355,65,0.7237828931762231
1555583355,70,0.7175723012467405
1555583355,75,0.7542588623256622
1555583355,80,0.763432392837695
1555583355,85,0.7630661385705365
1555583355,90,0.7828130694125218
1555583355,95,0.7422274227447527
1555583355,100,0.6851000402831964
1555583355,105,0.7826415765571949
1555583355,110,0.7274610439174074
1555583355,115,0.7309311543863731
1555583355,120,0.6944820109114063
1555583355,125,0.7184593400792363
1555583355,130,0.7424890106524638
1555583355,135,0.730478038490793
1555583355,140,0.7500453643854607
1555583355,145,0.7224942721730522
1555583355,150,0.7681551956944018
1555583355,155,0.7249982018558083
1555583355,160,0.7230994163038497
1555583355,165,0.7388639118748174
1555583355,170,0.7185285856070658
1555583355,175,0.7349083938354327
1555583355,180,0.7619775185835549
1555583355,185,0.7440086908601945
1555583355,190,0.7934601988117864
1555583355,195,0.7845848845018992
1555583355,200,0.7796493217687119
1555583355,205,0.7365983691387954
1555583355,210,0.8024321031071774
1555583355,215,0.7890859921423649
1555583355,220,0.775932036513883
1555583355,225,0.7618351448009449
1555583355,230,0.753472162037704
1555583355,235,0.7474024082297818
1555583355,240,0.733110519492734
1555583355,245,0.7592804020434706
1555583355,249,0.7279229228888685
1555583377,0,6.993362867852397
1555583377,5,4.289141693032648
1555583377,10,0.9819677174040563
1555583377,15,0.8301445459457069
1555583377,20,0.7577967822355508
1555583377,25,0.878587091212531
1555583377,30,0.8044469899861167
1555583377,35,0.7840920158203768
1555583377,40,0.7693525452155704
1555583377,45,0.7738794355023498
1555583377,50,0.8085037648229912
1555583377,55,0.8134350958822948
1555583377,60,0.7829139283358882
1555583377,65,0.8008727788952422
1555583377,70,0.7697846597310454
1555583377,75,0.7684096474581528
1555583377,80,0.8221751757579752
1555583377,85,0.7741499743562887
1555583377,90,0.8300872802229494
1555583377,95,0.7982244534564705
1555583377,100,0.8136069905719133
1555583377,105,0.7715323823566721
1555583377,110,0.7780589897876761
1555583377,115,0.8341849426137347
1555583377,120,0.8524918923686969
1555583377,125,0.7359189145224456
1555583377,130,0.8398379451344098
1555583377,135,0.7869843130408374
1555583377,140,0.772825792313742
1555583377,145,0.7695615410692535
1555583377,150,0.758215151649985
1555583377,155,0.781653109502723
1555583377,160,0.8171551143046987
1555583377,165,0.7768652224213132
1555583377,170,0.7414012425062293
1555583377,175,0.7485686724135637
1555583377,180,0.784394886707022
1555583377,185,0.773211857283653
1555583377,190,0.7416842142897411
1555583377,195,0.8152004962992553
1555583377,200,0.7803855898150454
1555583377,205,0.825128098859835
1555583377,210,0.7604072038941374
1555583377,215,0.8038772219405393
1555583377,220,0.8073857170612694
1555583377,225,0.7778850983523008
1555583377,230,0.7717032013566586
1555583377,235,0.7700666349909047
1555583377,240,0.7535552787465346
1555583377,245,0.8457490175876518
1555583377,249,0.7751772704731648
1555583399,0,7.011148294604497
1555583399,5,4.277895910660363
1555583399,10,1.0129780878823942
1555583399,15,0.8044571500530983
1555583399,20,0.8316535032513636
1555583399,25,0.8230429272827815
1555583399,30,0.8994472523770385
1555583399,35,0.8403721263599379
1555583399,40,0.9262704374998998
1555583399,45,0.8692734234685385
1555583399,50,0.8032262923787379
1555583399,55,0.9162550628863975
1555583399,60,0.8929812900200039
1555583399,65,0.8734907548031579
1555583399,70,0.9297997596560029
1555583399,75,0.9346181976157887
1555583399,80,0.8955186561030566
1555583399,85,0.8906128196552651
1555583399,90,0.8640204985644333
1555583399,95,0.881347946491
1555583399,100,0.8763698260729019
1555583399,105,0.9058163855165396
1555583399,110,0.9272515174743257
1555583399,115,0.8970280690555668
1555583399,120,0.9100267975829931
1555583399,125,0.972596834403027
1555583399,130,0.8676539561271515
1555583399,135,0.8306692733619145
1555583399,140,0.8841069304968857
1555583399,145,0.8648401457295928
1555583399,150,0.9128846488934406
1555583399,155,0.9348830520620438
1555583399,160,0.9259971442030942
1555583399,165,0.8743329230130749
1555583399,170,0.9192295182249196
1555583399,175,0.955073787624753
1555583399,180,0.9506108367670751
1555583399,185,0.9238725427080391
1555583399,190,0.9456966265991259
1555583399,195,0.9792218936739646
1555583399,200,0.8829455852063199
1555583399,205,0.9783535415104684
1555583399,210,0.9104365679808434
1555583399,215,0.8691410993367591
1555583399,220,0.8883325844332727
1555583399,225,0.9057701857617507
1555583399,230,0.8891442130047444
1555583399,235,0.894912388658468
1555583399,240,0.8420625578632711
1555583399,245,0.8685279172399376
1555583399,249,0.8656937504170625
1555583421,0,6.95525226412509
1555583421,5,4.246462864698936
1555583421,10,0.9499076101902832
1555583421,15,0.7285317392757356
1555583421,20,0.7518218516249866
1555583421,25,0.7289785290010361
1555583421,30,0.7565623750861179
1555583421,35,0.7366473267481293
1555583421,40,0.7737238992706403
1555583421,45,0.7919166989927765
1555583421,50,0.7638570978793461
1555583421,55,0.7568570829329327
1555583421,60,0.7456902949310361
1555583421,65,0.7399922648500286
1555583421,70,0.699620644631096
1555583421,75,0.7642389096435057
1555583421,80,0.7305726064197859
1555583421,85,0.8094575110836614
1555583421,90,0.7534076412248789
1555583421,95,0.7991661749308893
1555583421,100,0.7459146873939526
1555583421,105,0.7737386226485203
1555583421,110,0.7356540923900619
1555583421,115,0.8010646101630221
1555583421,120,0.8146046193423888
1555583421,125,0.7991085197724062
1555583421,130,0.7796505035664038
1555583421,135,0.7629799793924009
1555583421,140,0.7591093541919985
1555583421,145,0.761452091850727
1555583421,150,0.7668503278697897
1555583421,155,0.776071392147142
1555583421,160,0.8049455494364043
1555583421,165,0.758438232174229
1555583421,170,0.7741851083354081
1555583421,175,0.7588805344415974
1555583421,180,0.7722009059586752
1555583421,185,0.7315380545248117
1555583421,190,0.7857133176542692
1555583421,195,0.7560092176217302
1555583421,200,0.7979122716186701
1555583421,205,0.799742258792643
1555583421,210,0.7505068721880176
1555583421,215,0.7701424464508694
1555583421,220,0.7906306456312772
1555583421,225,0.7577459856711705
1555583421,230,0.7683575452877485
1555583421,235,0.7964866601980721
1555583421,240,0.8103486642198029
1555583421,245,0.785574477419135
1555583421,249,0.7630257177793291
1555583443,0,6.8526218919050494
1555583443,5,4.13236848096113
1555583443,10,0.9367651549556418
1555583443,15,0.7061706771303046
1555583443,20,0.7108285596891472
1555583443,25,0.7194692323336754
1555583443,30,0.7189735154894461
1555583443,35,0.7470641025792082
1555583443,40,0.7389902145381397
1555583443,45,0.7560348011457408
1555583443,50,0.727383402785973
1555583443,55,0.7289527829149616
1555583443,60,0.7177914571770821
1555583443,65,0.7501670697679462
1555583443,70,0.7186143684954406
1555583443,75,0.7151757252881864
1555583443,80,0.73258861423992
1555583443,85,0.7314160336456248
1555583443,90,0.7300916946371969
1555583443,95,0.6810812927889816
1555583443,100,0.7280676029159774
1555583443,105,0.6944926890198285
1555583443,110,0.6839674809038102
1555583443,115,0.7051699429763272
1555583443,120,0.7295910224876094
1555583443,125,0.6786621259156925
1555583443,130,0.7263723486915018
1555583443,135,0.7325512682741478
1555583443,140,0.6911761229565525
1555583443,145,0.7698375040859985
1555583443,150,0.7586072248106105
1555583443,155,0.7155805726676842
1555583443,160,0.7448877937243297
1555583443,165,0.7473189594640146
1555583443,170,0.7660047017767407
1555583443,175,0.7286198416203522
1555583443,180,0.7066361252314782
1555583443,185,0.728413981283443
1555583443,190,0.7143983234893386
1555583443,195,0.6701794417425502
1555583443,200,0.7202005606921463
1555583443,205,0.6989312388876961
1555583443,210,0.6983733082970383
1555583443,215,0.7185955227136502
1555583443,220,0.7279140692160311
1555583443,225,0.6925559192905155
1555583443,230,0.7261955708807804
1555583443,235,0.7160853077136072
1555583443,240,0.6898765380486496
1555583443,245,0.7125236542160517
1555583443,249,0.7063594316980984
1555583465,0,6.932739732469466
1555583465,5,4.2057284738010585
1555583465,10,0.9624374850312127
1555583465,15,0.8099022074915694
1555583465,20,0.8156940054660015
1555583465,25,0.8611910502611168
1555583465,30,0.8004685698610841
1555583465,35,0.8306458211164027
1555583465,40,0.7830847272541511
1555583465,45,0.8178080945399795
1555583465,50,0.8301785935579883
1555583465,55,0.797416269442063
1555583465,60,0.8068658915979972
1555583465,65,0.8639205159484583
1555583465,70,0.8652541199233079
1555583465,75,0.8388973048602365
1555583465,80,0.8653192155631837
1555583465,85,0.7899260186611209
1555583465,90,0.8928236536716363
1555583465,95,0.8559822126689592
1555583465,100,0.791474294922423
1555583465,105,0.8721393046724791
1555583465,110,0.8436814562895248
1555583465,115,0.8876745195684856
1555583465,120,0.8685137541847066
1555583465,125,0.8418290411637019
1555583465,130,0.7835297192940083
1555583465,135,0.8775382861455102
1555583465,140,0.8427932047376722
1555583465,145,0.8885465428768996
1555583465,150,0.8583389452562541
1555583465,155,0.8907333943845094
1555583465,160,0.8852810091925511
1555583465,165,0.8844065916666556
1555583465,170,0.8293752199942616
1555583465,175,0.8255844011511314
1555583465,180,0.8651260497609485
1555583465,185,0.8738754743930258
1555583465,190,0.8258888956414339
1555583465,195,0.8445904837134556
1555583465,200,0.872195896562493
1555583465,205,0.8849135970558673
1555583465,210,0.846645960269873
1555583465,215,0.8725731323146713
1555583465,220,0.8487292938347188
1555583465,225,0.8643278420447708
1555583465,230,0.8736770227532965
1555583465,235,0.8313262292619076
1555583465,240,0.8397377775297808
1555583465,245,0.8752806644808417
1555583465,249,0.8513667613693002
1555583487,0,6.771604366906287
1555583487,5,4.035831125403071
1555583487,10,0.9146615752349768
1555583487,15,0.7728068609632242
1555583487,20,0.7405409417154669
1555583487,25,0.7823702886128426
1555583487,30,0.7068486302755699
1555583487,35,0.7735976782215999
1555583487,40,0.741675760962596
1555583487,45,0.7741934553082429
1555583487,50,0.7794926555991848
1555583487,55,0.7659770584318831
1555583487,60,0.8014296937844103
1555583487,65,0.729331940698609
1555583487,70,0.8200779322142797
1555583487,75,0.7652637901189392
1555583487,80,0.7539652898463485
1555583487,85,0.7733904602696755
1555583487,90,0.7669225292146156
1555583487,95,0.7606730235843703
1555583487,100,0.7894048483192202
1555583487,105,0.8006989351469966
1555583487,110,0.7522862707874367
1555583487,115,0.7528639524323706
1555583487,120,0.7401612882339984
1555583487,125,0.756807204490703
1555583487,130,0.7720395822647348
1555583487,135,0.7634864998404367
1555583487,140,0.7274840707498836
1555583487,145,0.7705194031617587
1555583487,150,0.7643070717533379
1555583487,155,0.812646629478495
1555583487,160,0.753083476825301
1555583487,165,0.8097319554715776
1555583487,170,0.7734378981669522
1555583487,175,0.747809868061489
1555583487,180,0.736575064160159
1555583487,185,0.7676106479216025
1555583487,190,0.7341790411289133
1555583487,195,0.7305743027309484
1555583487,200,0.7501257718116228
1555583487,205,0.7276269915056043
1555583487,210,0.7239532241823965
1555583487,215,0.780116390486176
1555583487,220,0.7916759293834157
1555583487,225,0.72406909401802
1555583487,230,0.8024956409290402
1555583487,235,0.7611809943440283
1555583487,240,0.7878568711093226
1555583487,245,0.7870134874219783
1555583487,249,0.7538502858527517
1555583508,0,6.814117799502592
1555583508,5,4.103987688270429
1555583508,10,0.8784095717108814
1555583508,15,0.6390797112967829
1555583508,20,0.6760528878474394
1555583508,25,0.6769509418362096
1555583508,30,0.6668093697484004
1555583508,35,0.6673419011390445
1555583508,40,0.6791931378777728
1555583508,45,0.6544743577119803
1555583508,50,0.7115529753279702
1555583508,55,0.6414086851754466
1555583508,60,0.6808560144980208
1555583508,65,0.7283875537759587
1555583508,70,0.6966817710538022
1555583508,75,0.7176140225422534
1555583508,80,0.7631711269343989
1555583508,85,0.7119181737096449
1555583508,90,0.7018299149616685
1555583508,95,0.7362702985295866
1555583508,100,0.7099447130450887
1555583508,105,0.7051405874606752
1555583508,110,0.7364179554723991
1555583508,115,0.7075540215207482
1555583508,120,0.7167634947555005
1555583508,125,0.7309484997329799
1555583508,130,0.6861259644707121
1555583508,135,0.7112044821712832
1555583508,140,0.7121754303004711
1555583508,145,0.6993378585723417
1555583508,150,0.7069873690819033
1555583508,155,0.7233794502823219
1555583508,160,0.7473197204876116
1555583508,165,0.7594127211339701
1555583508,170,0.7426684845501768
1555583508,175,0.7058871832504877
1555583508,180,0.7182392641555968
1555583508,185,0.7073501057609974
1555583508,190,0.729295710089553
1555583508,195,0.687639959134124
1555583508,200,0.749849579217373
1555583508,205,0.7163215883927326
1555583508,210,0.7343516346075432
1555583508,215,0.7288831068632764
1555583508,220,0.7157687367675974
1555583508,225,0.7309243962153162
1555583508,230,0.6990947648982403
1555583508,235,0.7275429027891253
1555583508,240,0.7365482315021529
1555583508,245,0.7320938494775019
1555583508,249,0.7615366171862005
1555583530,0,6.6634840839095055
1555583530,5,4.001353710307838
1555583530,10,0.96832874840052
1555583530,15,0.7584239321777269
1555583530,20,0.7942095196097692
1555583530,25,0.8386758179698518
1555583530,30,0.7704375782565284
1555583530,35,0.8103357032320551
1555583530,40,0.8021830408041476
1555583530,45,0.7978359985078607
1555583530,50,0.8099559054323016
1555583530,55,0.855082054355702
1555583530,60,0.8209197173596459
1555583530,65,0.792729311843833
1555583530,70,0.7607035759727998
1555583530,75,0.7802754554515553
1555583530,80,0.7967956291513396
1555583530,85,0.7827805340624149
1555583530,90,0.8044465608586159
1555583530,95,0.8322458065195069
1555583530,100,0.814420578974888
1555583530,105,0.7863171189623301
1555583530,110,0.8217528005777978
1555583530,115,0.8162954124399271
1555583530,120,0.7939257867655717
1555583530,125,0.8470962127579571
1555583530,130,0.7677721873470283
1555583530,135,0.808770349355629
1555583530,140,0.8069430962589782
1555583530,145,0.8254557061402843
1555583530,150,0.7732494780757313
1555583530,155,0.8344236612119806
1555583530,160,0.790279761994241
1555583530,165,0.7759584994629752
1555583530,170,0.7627476125996754
1555583530,175,0.7966471109341025
1555583530,180,0.7462557205756226
1555583530,185,0.8250812218401499
1555583530,190,0.7549923039721984
1555583530,195,0.7881612855926271
1555583530,200,0.8084290869685129
1555583530,205,0.7862530539351741
1555583530,210,0.7533763116646114
1555583530,215,0.7608199465459382
1555583530,220,0.7709855893695686
1555583530,225,0.8323360147624604
1555583530,230,0.79041889743527
1555583530,235,0.7374185166900646
1555583530,240,0.761558841972556
1555583530,245,0.737654492258236
1555583530,249,0.7628737341486774
1555583552,0,6.936544312414328
1555583552,5,4.251596506233489
1555583552,10,1.0228489015564157
1555583552,15,0.7230234021059354
1555583552,20,0.7892043109026848
1555583552,25,0.7954071307139406
1555583552,30,0.7554435276053921
1555583552,35,0.8047056103492414
1555583552,40,0.7845122288222269
1555583552,45,0.7062435258157885
1555583552,50,0.7943103415663753
1555583552,55,0.7825362012947288
1555583552,60,0.8044744660186125
1555583552,65,0.8164611870930849
1555583552,70,0.8420748152216299
1555583552,75,0.8148520915749549
1555583552,80,0.8096411090813089
1555583552,85,0.7934918580848398
1555583552,90,0.8545388083682558
1555583552,95,0.7776536275962377
1555583552,100,0.8096535505290803
1555583552,105,0.8132861320160967
1555583552,110,0.8093000542984877
1555583552,115,0.7666252699504804
1555583552,120,0.8093003458281972
1555583552,125,0.8075259924820146
1555583552,130,0.851578061956131
1555583552,135,0.8618219506911181
1555583552,140,0.8254983710392885
1555583552,145,0.816576968752355
1555583552,150,0.8014766836796656
1555583552,155,0.8284649750873171
1555583552,160,0.8341201088101325
1555583552,165,0.8302386289514917
1555583552,170,0.8345168570561937
1555583552,175,0.8493936052780556
1555583552,180,0.8005772307481568
1555583552,185,0.8305018043100384
1555583552,190,0.7331264108187344
1555583552,195,0.8209943692466883
1555583552,200,0.8155406731705518
1555583552,205,0.813436161425585
1555583552,210,0.86254727042855
1555583552,215,0.80173996081905
1555583552,220,0.7832080939207425
1555583552,225,0.8594057424421793
1555583552,230,0.8169567831564977
1555583552,235,0.7727328825292681
1555583552,240,0.7836237354316027
1555583552,245,0.8599470950827722
1555583552,249,0.7924515959250719
1555583574,0,6.980698997088739
1555583574,5,4.311755056125268
1555583574,10,0.9989549918544812
1555583574,15,0.752490884291606
1555583574,20,0.741629584908813
1555583574,25,0.6344364780082961
1555583574,30,0.7094053379579112
1555583574,35,0.7155642101199546
1555583574,40,0.7573043391038895
1555583574,45,0.7072994854419523
1555583574,50,0.7482524851534591
1555583574,55,0.7066820065408622
1555583574,60,0.7358777754266739
1555583574,65,0.747175723682
1555583574,70,0.7841199770593794
1555583574,75,0.7523536342131332
1555583574,80,0.7396717902909754
1555583574,85,0.7257490423999741
1555583574,90,0.738133989344507
1555583574,95,0.7610831388285793
1555583574,100,0.7866543542392079
1555583574,105,0.7615256203242409
1555583574,110,0.7318751112647098
1555583574,115,0.735868636093023
1555583574,120,0.7285592421496225
1555583574,125,0.7574905944047247
1555583574,130,0.7218030721711707
1555583574,135,0.7026055359785811
1555583574,140,0.7096284860161697
1555583574,145,0.769122491186547
1555583574,150,0.7577230230251237
1555583574,155,0.7042475217092429
1555583574,160,0.6534788075359739
1555583574,165,0.7400894358647907
1555583574,170,0.731770173793147
1555583574,175,0.7386269844733484
1555583574,180,0.7503699906659793
1555583574,185,0.7165515628872273
1555583574,190,0.7581093098745709
1555583574,195,0.700545988848427
1555583574,200,0.7226264122654026
1555583574,205,0.7659021252302611
1555583574,210,0.6908611593266915
1555583574,215,0.6859708635968061
1555583574,220,0.7318430295922451
1555583574,225,0.6978946131927469
1555583574,230,0.714451798788362
1555583574,235,0.7137273850730288
1555583574,240,0.6712765800995919
1555583574,245,0.7389158888465307
1555583574,249,0.704307388506472
1555583596,0,6.817464763427663
1555583596,5,4.082536457441714
1555583596,10,0.9605511816630724
1555583596,15,0.7985359129999888
1555583596,20,0.7582923641421367
1555583596,25,0.7986397493912757
1555583596,30,0.7451696414908038
1555583596,35,0.82419069974635
1555583596,40,0.8120319565028639
1555583596,45,0.806145110195092
1555583596,50,0.7486658846872168
1555583596,55,0.7768561273104891
1555583596,60,0.7782744964937653
1555583596,65,0.7966023708046284
1555583596,70,0.7575017547587097
1555583596,75,0.772287149085954
1555583596,80,0.8147397897589164
1555583596,85,0.7724592109979175
1555583596,90,0.8546070014475912
1555583596,95,0.761629467809835
1555583596,100,0.761052056709902
1555583596,105,0.7725148654379846
1555583596,110,0.7992915400336749
1555583596,115,0.7830234584702601
1555583596,120,0.7654181415050116
1555583596,125,0.8087280794570045
1555583596,130,0.8194275214895753
1555583596,135,0.6985026871757637
1555583596,140,0.7798436413041773
1555583596,145,0.8119945390496912
1555583596,150,0.7770034581945731
1555583596,155,0.7593833824762546
1555583596,160,0.760632129521889
1555583596,165,0.7555865929947221
1555583596,170,0.7445396261421188
1555583596,175,0.808289994515067
1555583596,180,0.7836430012776295
1555583596,185,0.7658675743721781
1555583596,190,0.759035248097728
1555583596,195,0.800357160462861
1555583596,200,0.7854231037732812
1555583596,205,0.7780627690495394
1555583596,210,0.8113790996555489
1555583596,215,0.7436930227226614
1555583596,220,0.743796835688228
1555583596,225,0.8160760263379258
1555583596,230,0.7808041253898442
1555583596,235,0.7958494331235937
1555583596,240,0.7191514331586306
1555583596,245,0.7825312281075991
1555583596,249,0.7701357292402475
1555583618,0,7.010812990984403
1555583618,5,4.301936161704388
1555583618,10,1.0531037531293235
1555583618,15,0.8034534806776918
1555583618,20,0.7786242897770242
1555583618,25,0.7362320699867059
1555583618,30,0.7379746683542883
1555583618,35,0.7601515305553272
1555583618,40,0.7567673781321114
1555583618,45,0.7900830552497935
1555583618,50,0.7762944473322724
1555583618,55,0.7848066623984348
1555583618,60,0.724750508481817
1555583618,65,0.7671225136336449
1555583618,70,0.7244749021553187
1555583618,75,0.7936752285370019
1555583618,80,0.7976292176232032
1555583618,85,0.7629028995149549
1555583618,90,0.8044587893590848
1555583618,95,0.7375408139762032
1555583618,100,0.7708401851521363
1555583618,105,0.7841072223224487
1555583618,110,0.7350268041552138
1555583618,115,0.7977737581813102
1555583618,120,0.7855760676092252
1555583618,125,0.8388112219370206
1555583618,130,0.7770515128993544
1555583618,135,0.7721212245329485
1555583618,140,0.8073502560345949
1555583618,145,0.794595171677354
1555583618,150,0.8113011385831818
1555583618,155,0.8010615098741815
1555583618,160,0.7897539602798036
1555583618,165,0.7761907125029189
1555583618,170,0.7646105851523421
1555583618,175,0.7571576950141534
1555583618,180,0.8149029520972091
1555583618,185,0.7783930069285422
1555583618,190,0.8022285067889862
1555583618,195,0.7199378460475018
1555583618,200,0.781653687766555
1555583618,205,0.789642303515939
1555583618,210,0.7364043880131266
1555583618,215,0.7770705070323416
1555583618,220,0.766155299308245
1555583618,225,0.7478713617354817
1555583618,230,0.7393722983047857
1555583618,235,0.7558571702923357
1555583618,240,0.7324629878055323
1555583618,245,0.7168552433817977
1555583618,249,0.7803522483164641
1555583640,0,6.727902540706825
1555583640,5,4.0201853425996354
1555583640,10,0.879524584241366
1555583640,15,0.8158547852374378
1555583640,20,0.7861232338394833
1555583640,25,0.775745509215271
1555583640,30,0.8042835931729617
1555583640,35,0.7515791586485647
1555583640,40,0.7778837797803587
1555583640,45,0.8011263747169499
1555583640,50,0.8314174169798801
1555583640,55,0.8135181369057048
1555583640,60,0.8390085133115704
1555583640,65,0.7893440103224255
1555583640,70,0.764262459663881
1555583640,75,0.8354995715337857
1555583640,80,0.7902417514297726
1555583640,85,0.7917985722593094
1555583640,90,0.7375630715442878
1555583640,95,0.7787361932503145
1555583640,100,0.7606474915812247
1555583640,105,0.8031416800977215
1555583640,110,0.7585387829746107
1555583640,115,0.8309642953271617
1555583640,120,0.856318334999081
1555583640,125,0.7926325249650876
1555583640,130,0.8199344641918632
1555583640,135,0.7062323326106571
1555583640,140,0.8001432342751946
1555583640,145,0.7844883242909949
1555583640,150,0.8157083549145521
1555583640,155,0.8273535079788856
1555583640,160,0.7659625522475408
1555583640,165,0.7950751885510488
1555583640,170,0.78700355657774
1555583640,175,0.7687625886563522
1555583640,180,0.7204599702579066
1555583640,185,0.791693145325872
1555583640,190,0.8403303614408995
1555583640,195,0.7431266598138863
1555583640,200,0.7032846940560895
1555583640,205,0.7969704676768168
1555583640,210,0.7893132985199339
1555583640,215,0.7243863745436242
1555583640,220,0.7609428953884215
1555583640,225,0.7697161986369503
1555583640,230,0.7558928292532497
1555583640,235,0.7516951808011042
1555583640,240,0.8128362901142503
1555583640,245,0.8213379278776954
1555583640,249,0.7624190608044095
1555583662,0,6.9949486990141105
1555583662,5,4.326068816668914
1555583662,10,1.0368540342363897
1555583662,15,0.7183900221924522
1555583662,20,0.6521822982760993
1555583662,25,0.6575897482984239
1555583662,30,0.6532414288455483
1555583662,35,0.6774155180916622
1555583662,40,0.6966481007626236
1555583662,45,0.6994756514365535
1555583662,50,0.6602466792182364
1555583662,55,0.6941419456525185
1555583662,60,0.69477282521915
1555583662,65,0.6468591132186546
1555583662,70,0.7082690824558521
1555583662,75,0.7025458988736955
1555583662,80,0.7133999368194792
1555583662,85,0.7334225849996707
1555583662,90,0.7158353768394651
1555583662,95,0.6988087522957049
1555583662,100,0.6773430411787185
1555583662,105,0.6994436708553686
1555583662,110,0.6862876418420696
1555583662,115,0.6902695955373175
1555583662,120,0.7216575870390579
1555583662,125,0.6926712346480127
1555583662,130,0.6907449853963358
1555583662,135,0.6583985058499564
1555583662,140,0.6618169966074897
1555583662,145,0.6822724078763026
1555583662,150,0.6716082952904414
1555583662,155,0.6985990950379152
1555583662,160,0.6644771029634707
1555583662,165,0.6540577199949279
1555583662,170,0.6965010517810275
1555583662,175,0.688482002254847
1555583662,180,0.6783570608898927
1555583662,185,0.7097740014687133
1555583662,190,0.697174107220463
1555583662,195,0.6806903106138259
1555583662,200,0.6803278446117059
1555583662,205,0.645408969069405
1555583662,210,0.7147343383328273
1555583662,215,0.6390676331877422
1555583662,220,0.658820612559353
1555583662,225,0.6677644986192844
1555583662,230,0.6715336827195271
1555583662,235,0.670763027068924
1555583662,240,0.6768895287567412
1555583662,245,0.6663898486869044
1555583662,249,0.6660012274385717
1555583684,0,6.864608818628202
1555583684,5,4.1649396877799125
1555583684,10,0.9128663694929722
1555583684,15,0.6832584030852692
1555583684,20,0.7332024919943769
1555583684,25,0.6912598392046151
1555583684,30,0.8223340903779164
1555583684,35,0.6960386206605819
1555583684,40,0.7340322533367482
1555583684,45,0.7163422482798791
1555583684,50,0.7520945065180011
1555583684,55,0.7415738530340874
1555583684,60,0.7513678746145525
1555583684,65,0.7217180640203686
1555583684,70,0.6968364801865752
1555583684,75,0.6926691981186134
1555583684,80,0.7067993760348436
1555583684,85,0.769265592131498
1555583684,90,0.7636962197302328
1555583684,95,0.7694898294058052
1555583684,100,0.7125360138196011
1555583684,105,0.7097111034569553
1555583684,110,0.7443728214021709
1555583684,115,0.812414464360705
1555583684,120,0.7228894312855699
1555583684,125,0.7298461620400116
1555583684,130,0.7388874505283184
1555583684,135,0.7575904022593068
1555583684,140,0.7516963900280953
1555583684,145,0.7465323678449727
1555583684,150,0.7304517876598682
1555583684,155,0.7447765266551346
1555583684,160,0.7093320612298463
1555583684,165,0.7052381304010593
1555583684,170,0.7446109156702209
1555583684,175,0.7563617131187246
1555583684,180,0.7554411408705975
1555583684,185,0.7369059109533951
1555583684,190,0.7875602226088169
1555583684,195,0.7632921482949333
1555583684,200,0.7144312302349318
1555583684,205,0.711399525594486
1555583684,210,0.6711709266430624
1555583684,215,0.6621002451699506
1555583684,220,0.7335980139985236
1555583684,225,0.7194048310377109
1555583684,230,0.7153420162263517
1555583684,235,0.7539162808082037
1555583684,240,0.7609081519836312
1555583684,245,0.7512092577062677
1555583684,249,0.7181547557679759
1555583706,0,7.008009007313135
1555583706,5,4.279778164881269
1555583706,10,0.988182726385703
1555583706,15,0.6616751673374173
1555583706,20,0.764575959688919
1555583706,25,0.7474942834767374
1555583706,30,0.7659619297140363
1555583706,35,0.7456722899919671
1555583706,40,0.684124223060104
1555583706,45,0.6892309398174198
1555583706,50,0.7600544084034012
1555583706,55,0.7248707768496536
1555583706,60,0.7479846486902214
1555583706,65,0.7000415407922413
1555583706,70,0.7471864664040562
1555583706,75,0.6871681676900351
1555583706,80,0.7006479606473243
1555583706,85,0.7284480447931928
1555583706,90,0.7095572588981919
1555583706,95,0.6790109369316389
1555583706,100,0.7817079409911162
1555583706,105,0.7251252688235494
1555583706,110,0.6800257509804303
1555583706,115,0.7451526805045356
1555583706,120,0.7378652870858983
1555583706,125,0.71975184499295
1555583706,130,0.7233684295352381
1555583706,135,0.7372924786834758
1555583706,140,0.7189831079263717
1555583706,145,0.7465291907915647
1555583706,150,0.7100463843752932
1555583706,155,0.7374232148483869
1555583706,160,0.6767385570874894
1555583706,165,0.7112261322488488
1555583706,170,0.7095326072110332
1555583706,175,0.7352428617681083
1555583706,180,0.6836150029829586
1555583706,185,0.7681095913861674
1555583706,190,0.7053267163111712
1555583706,195,0.7262887986095371
1555583706,200,0.7253051255495109
1555583706,205,0.7486317856925321
1555583706,210,0.6892886123124526
1555583706,215,0.6974718339251006
1555583706,220,0.7718966834951878
1555583706,225,0.7656947934524148
1555583706,230,0.7380826235479162
1555583706,235,0.7355320351444609
1555583706,240,0.7491553669923519
1555583706,245,0.7393331216392466
1555583706,249,0.6494645713342928
1555583728,0,6.9756705869860935
1555583728,5,4.2919738190496215
1555583728,10,0.9588879538735091
1555583728,15,0.7035369513973707
1555583728,20,0.7306320055595018
1555583728,25,0.669241957777549
1555583728,30,0.6371790971150469
1555583728,35,0.6588849612089562
1555583728,40,0.7026883924338853
1555583728,45,0.6649740078066261
1555583728,50,0.7404034202623686
1555583728,55,0.6788743551917664
1555583728,60,0.6921268989149292
1555583728,65,0.6439670289496482
1555583728,70,0.7046643748862653
1555583728,75,0.6970638015113787
1555583728,80,0.7068603266871898
1555583728,85,0.7011059771699275
1555583728,90,0.6770264760622425
1555583728,95,0.7031871344345264
1555583728,100,0.7019972729125039
1555583728,105,0.6282820437272238
1555583728,110,0.6957784441658565
1555583728,115,0.6781009228851735
1555583728,120,0.6618357405217293
1555583728,125,0.6561119941136545
1555583728,130,0.7157781188658756
1555583728,135,0.7198704196633853
1555583728,140,0.660270925489727
1555583728,145,0.6825542138939801
1555583728,150,0.6867630180119798
1555583728,155,0.669761694172758
1555583728,160,0.7140209538583381
1555583728,165,0.6715742258581001
1555583728,170,0.7200602806319123
1555583728,175,0.609171079277394
1555583728,180,0.6855673030696959
1555583728,185,0.6760104016880659
1555583728,190,0.7035922122989066
1555583728,195,0.670597688285282
1555583728,200,0.6737785247386219
1555583728,205,0.6222153818361422
1555583728,210,0.7305854561337117
1555583728,215,0.6505559991677945
1555583728,220,0.66929212058881
1555583728,225,0.6510655792931062
1555583728,230,0.7292740277316326
1555583728,235,0.7052525721037347
1555583728,240,0.6065941513807243
1555583728,245,0.7273042543138394
1555583728,249,0.6591186532857378
1555583750,0,6.956762886618775
1555583750,5,4.253844336323906
1555583750,10,0.9994325865837338
1555583750,15,0.7204490996177884
1555583750,20,0.7097051895324448
1555583750,25,0.6654671063103924
1555583750,30,0.7088347943639449
1555583750,35,0.7176355761526264
1555583750,40,0.7498790027449896
1555583750,45,0.7498714846864429
1555583750,50,0.7573159285222154
1555583750,55,0.7444650938857563
1555583750,60,0.6939580025601025
1555583750,65,0.7750283491169233
1555583750,70,0.8105306447560456
1555583750,75,0.7588415892760242
1555583750,80,0.7380221280499617
1555583750,85,0.708918797005899
1555583750,90,0.7189001396487182
1555583750,95,0.7530056246781315
1555583750,100,0.7795806406369813
1555583750,105,0.7051581903508851
1555583750,110,0.791107379630914
1555583750,115,0.7698938803032321
1555583750,120,0.8229706400462152
1555583750,125,0.7853697428021651
1555583750,130,0.7899608659809465
1555583750,135,0.8047597167562266
1555583750,140,0.7738794643850677
1555583750,145,0.7668526467089198
1555583750,150,0.7798831872503684
1555583750,155,0.7931690057160394
1555583750,160,0.7314576579581279
1555583750,165,0.7639240066567137
1555583750,170,0.7747180946426007
1555583750,175,0.8014154605456435
1555583750,180,0.7617463294359057
1555583750,185,0.7568100693086346
1555583750,190,0.7857191557341086
1555583750,195,0.8264265937823119
1555583750,200,0.7550994213539441
1555583750,205,0.7689409589979306
1555583750,210,0.7963120897020226
1555583750,215,0.7633491966124145
1555583750,220,0.7834083719447095
1555583750,225,0.7372813172668117
1555583750,230,0.7680610742240406
1555583750,235,0.7509123002077299
1555583750,240,0.7274060360264313
1555583750,245,0.7860417283643962
1555583750,249,0.8109874156272656
1555583772,0,6.810721442294826
1555583772,5,4.114095126132658
1555583772,10,0.9158311833057615
1555583772,15,0.7261048827615222
1555583772,20,0.7576770432001948
1555583772,25,0.7504998303205014
1555583772,30,0.7220193031983052
1555583772,35,0.6380116397169335
1555583772,40,0.7300347179383107
1555583772,45,0.7721359656054821
1555583772,50,0.7441867670553403
1555583772,55,0.7672517809123673
1555583772,60,0.7643377550667941
1555583772,65,0.7896181076682598
1555583772,70,0.7760480628720763
1555583772,75,0.789449153250283
1555583772,80,0.7628077946295997
1555583772,85,0.7935642455609264
1555583772,90,0.7682692964492963
1555583772,95,0.7572928970848138
1555583772,100,0.7764575993577336
1555583772,105,0.7369849347449362
1555583772,110,0.7745161498337457
1555583772,115,0.7610747068076306
1555583772,120,0.7222001225705299
1555583772,125,0.7949592900199365
1555583772,130,0.7357974885066886
1555583772,135,0.7739590193453213
1555583772,140,0.7807121650790566
1555583772,145,0.7789549814563457
1555583772,150,0.8142642679657806
1555583772,155,0.8010067567961014
1555583772,160,0.8201945810486871
1555583772,165,0.757278109765386
1555583772,170,0.7540934697523567
1555583772,175,0.7982534285972598
1555583772,180,0.8207492362106089
1555583772,185,0.7653404537488866
1555583772,190,0.7432841113355336
1555583772,195,0.7906369971067474
1555583772,200,0.7037835922094959
1555583772,205,0.7917848967223436
1555583772,210,0.7784153821598562
1555583772,215,0.7797998352516398
1555583772,220,0.7532482042484294
1555583772,225,0.7348340338107143
1555583772,230,0.7395272681427751
1555583772,235,0.7504288818043695
1555583772,240,0.7313887502533567
1555583772,245,0.7740298645435488
1555583772,249,0.7825058221498857
1555583794,0,6.969093394122552
1555583794,5,4.291296575693348
1555583794,10,0.9841193770471643
1555583794,15,0.7182430988442292
1555583794,20,0.7520781144800276
1555583794,25,0.8003187844544691
1555583794,30,0.785053565932218
1555583794,35,0.7154454268323542
1555583794,40,0.7534725509785425
1555583794,45,0.7469234147600305
1555583794,50,0.7229745936935635
1555583794,55,0.7533643979145742
1555583794,60,0.7876038461415534
1555583794,65,0.7644149599211866
1555583794,70,0.7232430833300534
1555583794,75,0.7868613111725825
1555583794,80,0.7770714083072756
1555583794,85,0.7779698845402462
1555583794,90,0.7827580519958256
1555583794,95,0.7340091037289623
1555583794,100,0.7885739667988504
1555583794,105,0.752594008371684
1555583794,110,0.7610135229100157
1555583794,115,0.7520853628164649
1555583794,120,0.783538473860316
1555583794,125,0.7502205312539328
1555583794,130,0.7118872631804071
1555583794,135,0.692127318740478
1555583794,140,0.7866915689600911
1555583794,145,0.7868196160750223
1555583794,150,0.7418805943433208
1555583794,155,0.7514329870063571
1555583794,160,0.7389702752163568
1555583794,165,0.7619575093690562
1555583794,170,0.7776407188942758
1555583794,175,0.7805439810631927
1555583794,180,0.7442477024898448
1555583794,185,0.7337767382607165
1555583794,190,0.713255000945845
1555583794,195,0.7298631622742555
1555583794,200,0.7660831164258041
1555583794,205,0.7329664384519089
1555583794,210,0.7616217950918046
1555583794,215,0.7721741952319828
1555583794,220,0.7370620328238117
1555583794,225,0.7343846719524254
1555583794,230,0.718466492037911
1555583794,235,0.7162557043699447
1555583794,240,0.7318472036148292
1555583794,245,0.7916626626883861
1555583794,249,0.7332735797712041
1555583816,0,6.735009254273625
1555583816,5,4.032378952880418
1555583816,10,0.9407991480438139
1555583816,15,0.8201984629006049
1555583816,20,0.8134856267441636
1555583816,25,0.826112064153513
1555583816,30,0.7964696538867183
1555583816,35,0.8288136833534762
1555583816,40,0.8174631982407725
1555583816,45,0.8384334018468257
1555583816,50,0.8025637690539021
1555583816,55,0.8290633307734512
1555583816,60,0.8059437584162544
1555583816,65,0.8507180737221809
1555583816,70,0.8142033048219108
1555583816,75,0.7945848948855593
1555583816,80,0.8737718358538027
1555583816,85,0.8677675037351447
1555583816,90,0.8075712222419077
1555583816,95,0.8407039288569936
1555583816,100,0.829843306893573
1555583816,105,0.8431631095762437
1555583816,110,0.8230354800745842
1555583816,115,0.8670321545917271
1555583816,120,0.7900320366357237
1555583816,125,0.7979313761066605
1555583816,130,0.8291110639922598
1555583816,135,0.7884449635365479
1555583816,140,0.8169415740281524
1555583816,145,0.8223891690213497
1555583816,150,0.8473342219351689
1555583816,155,0.7779600968332655
1555583816,160,0.8331334420711517
1555583816,165,0.8093283321913727
1555583816,170,0.7832741106672988
1555583816,175,0.847241251741338
1555583816,180,0.7460303554265094
1555583816,185,0.8068356651490994
1555583816,190,0.8052486728286978
1555583816,195,0.7611310501215273
1555583816,200,0.7160265713423994
1555583816,205,0.7643322995512696
1555583816,210,0.8183570928549375
1555583816,215,0.7868982383694169
1555583816,220,0.8291997023971046
1555583816,225,0.7996806109411052
1555583816,230,0.7906135793220403
1555583816,235,0.8235165013412765
1555583816,240,0.8239752332896944
1555583816,245,0.8376414559121753
1555583816,249,0.7738164942902533
1555583839,0,6.951777569802193
1555583839,5,4.201908715547053
1555583839,10,0.91844253758445
1555583839,15,0.7365037555167206
1555583839,20,0.6767401387896357
1555583839,25,0.6934979116809007
1555583839,30,0.7128105606338139
1555583839,35,0.6691900023892233
1555583839,40,0.7236607795421253
1555583839,45,0.743682605230386
1555583839,50,0.6870726608290311
1555583839,55,0.627098775643938
1555583839,60,0.6734369036029437
1555583839,65,0.6655098643891414
1555583839,70,0.7106937123206802
1555583839,75,0.7182362800690334
1555583839,80,0.7309500626627038
1555583839,85,0.6962711961477287
1555583839,90,0.7007483582023198
1555583839,95,0.7378780737516736
1555583839,100,0.7511289001380941
1555583839,105,0.7323046238613428
1555583839,110,0.7485433944245494
1555583839,115,0.7145447896251145
1555583839,120,0.7032526853973237
1555583839,125,0.7331015285963489
1555583839,130,0.7241401455499988
1555583839,135,0.6970350790841449
1555583839,140,0.7407988557491569
1555583839,145,0.732386975622528
1555583839,150,0.7452567933415031
1555583839,155,0.729082257062657
1555583839,160,0.6854022743913215
1555583839,165,0.7083945750427544
1555583839,170,0.6924189928911523
1555583839,175,0.7009410389632151
1555583839,180,0.7147243466043816
1555583839,185,0.724203220408056
1555583839,190,0.7438790469853591
1555583839,195,0.7588102876958616
1555583839,200,0.7686997518684017
1555583839,205,0.7025522583793403
1555583839,210,0.6935286874856273
1555583839,215,0.7712559550986436
1555583839,220,0.781189595112513
1555583839,225,0.7665082222712573
1555583839,230,0.7044489123240425
1555583839,235,0.7307741713220111
1555583839,240,0.7237448869369761
1555583839,245,0.7492220207941169
1555583839,249,0.7221401811936186
1555583860,0,6.846245483448953
1555583860,5,4.1678356946677475
1555583860,10,0.9014108963408715
1555583860,15,0.6956766974919868
1555583860,20,0.719959878565256
1555583860,25,0.731213276910965
1555583860,30,0.7133148638077433
1555583860,35,0.7293269878069418
1555583860,40,0.7215880532391377
1555583860,45,0.7950531665999955
1555583860,50,0.7523779985733897
1555583860,55,0.748398909639072
1555583860,60,0.7898461601856963
1555583860,65,0.7681692175454164
1555583860,70,0.7569813939262083
1555583860,75,0.7447377209811623
1555583860,80,0.778754272479833
1555583860,85,0.7935567814652794
1555583860,90,0.7512844828500433
1555583860,95,0.7762945241132438
1555583860,100,0.723425931268172
1555583860,105,0.7579353665510343
1555583860,110,0.7571712874837556
1555583860,115,0.7511461725332527
1555583860,120,0.7803067966884717
1555583860,125,0.7768564661812029
1555583860,130,0.7436731694178138
1555583860,135,0.7698512436693217
1555583860,140,0.7270992272305796
1555583860,145,0.7668026152266532
1555583860,150,0.7398397321367043
1555583860,155,0.7445044041343862
1555583860,160,0.7310138375381143
1555583860,165,0.7622583450616677
1555583860,170,0.7419550314116223
1555583860,175,0.7316113306071306
1555583860,180,0.7595386247735284
1555583860,185,0.7106699247874507
1555583860,190,0.7315573782607792
1555583860,195,0.7736504675765453
1555583860,200,0.7376755310212768
1555583860,205,0.7405063260443784
1555583860,210,0.7637269796147653
1555583860,215,0.7579420378830083
1555583860,220,0.7483075636361015
1555583860,225,0.7897187044373789
1555583860,230,0.7588191310795072
1555583860,235,0.7643035234182081
1555583860,240,0.7522040274684578
1555583860,245,0.7713831163100023
1555583860,249,0.7473437239040567
